K_long,K_short,cost,error,chosen_expiry,S0
385.0,350.0,577.0,0.003128504955511826,2026-02-13,400.3900146484375
